,boxscore_url
0,/boxscores/202110190MIL.html
1,/boxscores/202110190LAL.html
2,/boxscores/202110200CHO.html
3,/boxscores/202110200DET.html
4,/boxscores/202110200NYK.html
5,/boxscores/202110200TOR.html
6,/boxscores/202110200MEM.html
7,/boxscores/202110200MIN.html
8,/boxscores/202110200NOP.html
9,/boxscores/202110200SAS.html
10,/boxscores/202110200UTA.html
11,/boxscores/202110200POR.html
12,/boxscores/202110200PHO.html
13,/boxscores/202110210ATL.html
14,/boxscores/202110210MIA.html
15,/boxscores/202110210GSW.html
16,/boxscores/202110220ORL.html
17,/boxscores/202110220WAS.html
18,/boxscores/202110220CLE.html
19,/boxscores/202110220BOS.html
20,/boxscores/202110220PHI.html
21,/boxscores/202110220HOU.html
22,/boxscores/202110220CHI.html
23,/boxscores/202110220DEN.html
24,/boxscores/202110220LAL.html
25,/boxscores/202110220SAC.html
26,/boxscores/202110230CLE.html
27,/boxscores/202110230IND.html
28,/boxscores/202110230TOR.html
29,/boxscores/202110230CHI.html
30,/boxscores/202110230MIN.html
31,/boxscores/202110230SAS.html
32,/boxscores/202110230POR.html
33,/boxscores/202110230LAC.html
34,/boxscores/202110240BRK.html
35,/boxscores/202110240HOU.html
36,/boxscores/202110240NYK.html
37,/boxscores/202110240OKC.html
38,/boxscores/202110240SAC.html
39,/boxscores/202110240LAL.html
40,/boxscores/202110250CHO.html
41,/boxscores/202110250IND.html
42,/boxscores/202110250TOR.html
43,/boxscores/202110250MIA.html
44,/boxscores/202110250BRK.html
45,/boxscores/202110250ATL.html
46,/boxscores/202110250MIN.html
47,/boxscores/202110250DEN.html
48,/boxscores/202110250LAC.html
49,/boxscores/202110260NYK.html
50,/boxscores/202110260OKC.html
51,/boxscores/202110260SAS.html
52,/boxscores/202110260DAL.html
53,/boxscores/202110260UTA.html
54,/boxscores/202110270ORL.html
55,/boxscores/202110270BOS.html
56,/boxscores/202110270BRK.html
57,/boxscores/202110270TOR.html
58,/boxscores/202110270NOP.html
59,/boxscores/202110270MIL.html
60,/boxscores/202110270OKC.html
61,/boxscores/202110270PHO.html
62,/boxscores/202110270POR.html
63,/boxscores/202110270LAC.html
64,/boxscores/202110280WAS.html
65,/boxscores/202110280PHI.html
66,/boxscores/202110280HOU.html
67,/boxscores/202110280CHI.html
68,/boxscores/202110280DAL.html
69,/boxscores/202110280GSW.html
70,/boxscores/202110290TOR.html
71,/boxscores/202110290MIA.html
72,/boxscores/202110290BRK.html
73,/boxscores/202110290NOP.html
74,/boxscores/202110290DEN.html
75,/boxscores/202110290POR.html
76,/boxscores/202110290LAL.html
77,/boxscores/202110300WAS.html
78,/boxscores/202110300DET.html
79,/boxscores/202110300NOP.html
80,/boxscores/202110300IND.html
81,/boxscores/202110300PHI.html
82,/boxscores/202110300CHI.html
83,/boxscores/202110300MEM.html
84,/boxscores/202110300MIL.html
85,/boxscores/202110300GSW.html
86,/boxscores/202110300MIN.html
87,/boxscores/202110300PHO.html
88,/boxscores/202110310DAL.html
89,/boxscores/202110310CHO.html
90,/boxscores/202110310MIL.html
91,/boxscores/202110310BRK.html
92,/boxscores/202110310LAL.html
93,/boxscores/202111010CHO.html
94,/boxscores/202111010IND.html
95,/boxscores/202111010PHI.html
96,/boxscores/202111010ATL.html
97,/boxscores/202111010BOS.html
98,/boxscores/202111010NYK.html
99,/boxscores/202111010MEM.html
100,/boxscores/202111010MIN.html
101,/boxscores/202111010LAC.html
102,/boxscores/202111020DET.html
103,/boxscores/202111020DAL.html
104,/boxscores/202111020UTA.html
105,/boxscores/202111020PHO.html
106,/boxscores/202111020LAL.html
107,/boxscores/202111030CLE.html
108,/boxscores/202111030IND.html
109,/boxscores/202111030ORL.html
110,/boxscores/202111030PHI.html
111,/boxscores/202111030WAS.html
112,/boxscores/202111030BRK.html
113,/boxscores/202111030MEM.html
114,/boxscores/202111030MIN.html
115,/boxscores/202111030SAS.html
116,/boxscores/202111030GSW.html
117,/boxscores/202111030SAC.html
118,/boxscores/202111040DET.html
119,/boxscores/202111040ATL.html
120,/boxscores/202111040MIA.html
121,/boxscores/202111040PHO.html
122,/boxscores/202111040LAL.html
123,/boxscores/202111050DET.html
124,/boxscores/202111050ORL.html
125,/boxscores/202111050WAS.html
126,/boxscores/202111050MIL.html
127,/boxscores/202111050TOR.html
128,/boxscores/202111050MIN.html
129,/boxscores/202111050GSW.html
130,/boxscores/202111050POR.html
131,/boxscores/202111050SAC.html
132,/boxscores/202111060DEN.html
133,/boxscores/202111060MIA.html
134,/boxscores/202111060CHI.html
135,/boxscores/202111060DAL.html
136,/boxscores/202111060PHO.html
137,/boxscores/202111060POR.html
138,/boxscores/202111070TOR.html
139,/boxscores/202111070NYK.html
140,/boxscores/202111070ORL.html
141,/boxscores/202111070SAC.html
142,/boxscores/202111070WAS.html
143,/boxscores/202111070OKC.html
144,/boxscores/202111070GSW.html
145,/boxscores/202111070LAC.html
146,/boxscores/202111080PHI.html
147,/boxscores/202111080CHI.html
148,/boxscores/202111080MEM.html
149,/boxscores/202111080DAL.html
150,/boxscores/202111080DEN.html
151,/boxscores/202111080GSW.html
152,/boxscores/202111080SAC.html
153,/boxscores/202111080LAL.html
154,/boxscores/202111090PHI.html
155,/boxscores/202111090UTA.html
156,/boxscores/202111090LAC.html
157,/boxscores/202111100CLE.html
158,/boxscores/202111100ORL.html
159,/boxscores/202111100BOS.html
160,/boxscores/202111100HOU.html
161,/boxscores/202111100NYK.html
162,/boxscores/202111100CHI.html
163,/boxscores/202111100MEM.html
164,/boxscores/202111100NOP.html
165,/boxscores/202111100SAS.html
166,/boxscores/202111100DEN.html
167,/boxscores/202111100PHO.html
168,/boxscores/202111100GSW.html
169,/boxscores/202111100LAL.html
170,/boxscores/202111110PHI.html
171,/boxscores/202111110UTA.html
172,/boxscores/202111110LAC.html
173,/boxscores/202111120CHO.html
174,/boxscores/202111120BOS.html
175,/boxscores/202111120CLE.html
176,/boxscores/202111120HOU.html
177,/boxscores/202111120MEM.html
178,/boxscores/202111120NOP.html
179,/boxscores/202111120OKC.html
180,/boxscores/202111120SAS.html
181,/boxscores/202111120DEN.html
182,/boxscores/202111120GSW.html
183,/boxscores/202111120LAL.html
184,/boxscores/202111130UTA.html
185,/boxscores/202111130IND.html
186,/boxscores/202111130NOP.html
187,/boxscores/202111130ORL.html
188,/boxscores/202111130TOR.html
189,/boxscores/202111130CLE.html
190,/boxscores/202111130LAC.html
191,/boxscores/202111140LAL.html
192,/boxscores/202111140ATL.html
193,/boxscores/202111140CHO.html
194,/boxscores/202111140HOU.html
195,/boxscores/202111140OKC.html
196,/boxscores/202111140DEN.html
197,/boxscores/202111140LAC.html
198,/boxscores/202111150CLE.html
199,/boxscores/202111150DET.html
200,/boxscores/202111150WAS.html
201,/boxscores/202111150ATL.html
202,/boxscores/202111150NYK.html
203,/boxscores/202111150DAL.html
204,/boxscores/202111150MEM.html
205,/boxscores/202111150MIN.html
206,/boxscores/202111150OKC.html
207,/boxscores/202111150POR.html
208,/boxscores/202111150LAL.html
209,/boxscores/202111160BRK.html
210,/boxscores/202111160UTA.html
211,/boxscores/202111160LAC.html
212,/boxscores/202111170CHO.html
213,/boxscores/202111170DET.html
214,/boxscores/202111170ATL.html
215,/boxscores/202111170BRK.html
216,/boxscores/202111170MIA.html
217,/boxscores/202111170MIL.html
218,/boxscores/202111170NYK.html
219,/boxscores/202111170MIN.html
220,/boxscores/202111170OKC.html
221,/boxscores/202111170PHO.html
222,/boxscores/202111170POR.html
223,/boxscores/202111180CLE.html
224,/boxscores/202111180MIA.html
225,/boxscores/202111180MEM.html
226,/boxscores/202111180MIN.html
227,/boxscores/202111180DEN.html
228,/boxscores/202111180UTA.html
229,/boxscores/202111190CHO.html
230,/boxscores/202111190DET.html
231,/boxscores/202111190BOS.html
232,/boxscores/202111190BRK.html
233,/boxscores/202111190MIL.html
234,/boxscores/202111190NOP.html
235,/boxscores/202111190DEN.html
236,/boxscores/202111190PHO.html
237,/boxscores/202111190SAC.html
238,/boxscores/202111200NYK.html
239,/boxscores/202111200IND.html
240,/boxscores/202111200WAS.html
241,/boxscores/202111200ATL.html
242,/boxscores/202111200BOS.html
243,/boxscores/202111200MIL.html
244,/boxscores/202111200MIN.html
245,/boxscores/202111200POR.html
246,/boxscores/202111200SAC.html
247,/boxscores/202111210LAC.html
248,/boxscores/202111210DET.html
249,/boxscores/202111210CHI.html
250,/boxscores/202111210PHO.html
251,/boxscores/202111210GSW.html
252,/boxscores/202111220CLE.html
253,/boxscores/202111220WAS.html
254,/boxscores/202111220ATL.html
255,/boxscores/202111220BOS.html
256,/boxscores/202111220CHI.html
257,/boxscores/202111220MIL.html
258,/boxscores/202111220NOP.html
259,/boxscores/202111220SAS.html
260,/boxscores/202111220UTA.html
261,/boxscores/202111220SAC.html
262,/boxscores/202111230DET.html
263,/boxscores/202111230NYK.html
264,/boxscores/202111230POR.html
265,/boxscores/202111230LAC.html
266,/boxscores/202111240CLE.html
267,/boxscores/202111240IND.html
268,/boxscores/202111240ORL.html
269,/boxscores/202111240BOS.html
270,/boxscores/202111240HOU.html
271,/boxscores/202111240MEM.html
272,/boxscores/202111240MIL.html
273,/boxscores/202111240MIN.html
274,/boxscores/202111240NOP.html
275,/boxscores/202111240OKC.html
276,/boxscores/202111240SAS.html
277,/boxscores/202111240GSW.html
278,/boxscores/202111240SAC.html
279,/boxscores/202111260LAC.html
280,/boxscores/202111260CHO.html
281,/boxscores/202111260NYK.html
282,/boxscores/202111260ORL.html
283,/boxscores/202111260IND.html
284,/boxscores/202111260MEM.html
285,/boxscores/202111260OKC.html
286,/boxscores/202111260SAS.html
287,/boxscores/202111260DEN.html
288,/boxscores/202111260UTA.html
289,/boxscores/202111260GSW.html
290,/boxscores/202111260LAL.html
291,/boxscores/202111270PHI.html
292,/boxscores/202111270ATL.html
293,/boxscores/202111270BRK.html
294,/boxscores/202111270CHI.html
295,/boxscores/202111270CLE.html
296,/boxscores/202111270HOU.html
297,/boxscores/202111270DAL.html
298,/boxscores/202111270UTA.html
299,/boxscores/202111280LAC.html
300,/boxscores/202111280IND.html
301,/boxscores/202111280MEM.html
302,/boxscores/202111280TOR.html
303,/boxscores/202111280LAL.html
304,/boxscores/202111290PHI.html
305,/boxscores/202111290MIA.html
306,/boxscores/202111290CHI.html
307,/boxscores/202111290HOU.html
308,/boxscores/202111290MIN.html
309,/boxscores/202111290DAL.html
310,/boxscores/202111290SAS.html
311,/boxscores/202111290UTA.html
312,/boxscores/202111290LAC.html
313,/boxscores/202111300BRK.html
314,/boxscores/202111300TOR.html
315,/boxscores/202111300PHO.html
316,/boxscores/202111300POR.html
317,/boxscores/202111300SAC.html
318,/boxscores/202112010IND.html
319,/boxscores/202112010ORL.html
320,/boxscores/202112010WAS.html
321,/boxscores/202112010BOS.html
322,/boxscores/202112010MIA.html
323,/boxscores/202112010MIL.html
324,/boxscores/202112010NOP.html
325,/boxscores/202112010OKC.html
326,/boxscores/202112010LAC.html
327,/boxscores/202112020NYK.html
328,/boxscores/202112020TOR.html
329,/boxscores/202112020MEM.html
330,/boxscores/202112020PHO.html
331,/boxscores/202112020POR.html
332,/boxscores/202112030IND.html
333,/boxscores/202112030WAS.html
334,/boxscores/202112030ATL.html
335,/boxscores/202112030BRK.html
336,/boxscores/202112030HOU.html
337,/boxscores/202112030DAL.html
338,/boxscores/202112030UTA.html
339,/boxscores/202112030GSW.html
340,/boxscores/202112030LAL.html
341,/boxscores/202112040NYK.html
342,/boxscores/202112040BRK.html
343,/boxscores/202112040MIL.html
344,/boxscores/202112040DAL.html
345,/boxscores/202112040GSW.html
346,/boxscores/202112040POR.html
347,/boxscores/202112040SAC.html
348,/boxscores/202112050CLE.html
349,/boxscores/202112050ATL.html
350,/boxscores/202112050TOR.html
351,/boxscores/202112050HOU.html
352,/boxscores/202112060CHO.html
353,/boxscores/202112060DET.html
354,/boxscores/202112060IND.html
355,/boxscores/202112060MIA.html
356,/boxscores/202112060CHI.html
357,/boxscores/202112060MIL.html
358,/boxscores/202112060MIN.html
359,/boxscores/202112060PHO.html
360,/boxscores/202112060GSW.html
361,/boxscores/202112060POR.html
362,/boxscores/202112070DAL.html
363,/boxscores/202112070SAS.html
364,/boxscores/202112070LAL.html
365,/boxscores/202112080CHO.html
366,/boxscores/202112080CLE.html
367,/boxscores/202112080DET.html
368,/boxscores/202112080IND.html
369,/boxscores/202112080MIA.html
370,/boxscores/202112080TOR.html
371,/boxscores/202112080HOU.html
372,/boxscores/202112080MEM.html
373,/boxscores/202112080MIN.html
374,/boxscores/202112080NOP.html
375,/boxscores/202112080GSW.html
376,/boxscores/202112080SAC.html
377,/boxscores/202112080LAC.html
378,/boxscores/202112090PHI.html
379,/boxscores/202112090MEM.html
380,/boxscores/202112090SAS.html
381,/boxscores/202112100CHO.html
382,/boxscores/202112100IND.html
383,/boxscores/202112100ATL.html
384,/boxscores/202112100TOR.html
385,/boxscores/202112100HOU.html
386,/boxscores/202112100MIN.html
387,/boxscores/202112100NOP.html
388,/boxscores/202112100OKC.html
389,/boxscores/202112100PHO.html
390,/boxscores/202112110LAC.html
391,/boxscores/202112110WAS.html
392,/boxscores/202112110CLE.html
393,/boxscores/202112110MEM.html
394,/boxscores/202112110MIA.html
395,/boxscores/202112110PHI.html
396,/boxscores/202112110SAS.html
397,/boxscores/202112120NYK.html
398,/boxscores/202112120DET.html
399,/boxscores/202112120OKC.html
400,/boxscores/202112120SAS.html
401,/boxscores/202112120POR.html
402,/boxscores/202112120LAL.html
403,/boxscores/202112130CLE.html
404,/boxscores/202112130IND.html
405,/boxscores/202112130TOR.html
406,/boxscores/202112130ATL.html
407,/boxscores/202112130BOS.html
408,/boxscores/202112130MEM.html
409,/boxscores/202112130DAL.html
410,/boxscores/202112130DEN.html
411,/boxscores/202112130LAC.html
412,/boxscores/202112140BRK.html
413,/boxscores/202112140NYK.html
414,/boxscores/202112140POR.html
415,/boxscores/202112150CLE.html
416,/boxscores/202112150ORL.html
417,/boxscores/202112150PHI.html
418,/boxscores/202112150DAL.html
419,/boxscores/202112150MIL.html
420,/boxscores/202112150OKC.html
421,/boxscores/202112150SAS.html
422,/boxscores/202112150DEN.html
423,/boxscores/202112150POR.html
424,/boxscores/202112150SAC.html
425,/boxscores/202112150UTA.html
426,/boxscores/202112160IND.html
427,/boxscores/202112160BRK.html
428,/boxscores/202112160HOU.html
429,/boxscores/202112160PHO.html
430,/boxscores/202112170ORL.html
431,/boxscores/202112170ATL.html
432,/boxscores/202112170BOS.html
433,/boxscores/202112170NOP.html
434,/boxscores/202112170UTA.html
435,/boxscores/202112170MIN.html
436,/boxscores/202112170POR.html
437,/boxscores/202112170SAC.html
438,/boxscores/202112180DET.html
439,/boxscores/202112180BOS.html
440,/boxscores/202112180BRK.html
441,/boxscores/202112180TOR.html
442,/boxscores/202112180OKC.html
443,/boxscores/202112180MIL.html
444,/boxscores/202112180UTA.html
445,/boxscores/202112190DET.html
446,/boxscores/202112190MEM.html
447,/boxscores/202112190SAC.html
448,/boxscores/202112190CHI.html
449,/boxscores/202112190MIN.html
450,/boxscores/202112190PHO.html
451,/boxscores/202112200BOS.html
452,/boxscores/202112200CHI.html
453,/boxscores/202112200MEM.html
454,/boxscores/202112200UTA.html
455,/boxscores/202112200GSW.html
456,/boxscores/202112200LAC.html
457,/boxscores/202112210MIA.html
458,/boxscores/202112210NYK.html
459,/boxscores/202112210NOP.html
460,/boxscores/202112210DAL.html
461,/boxscores/202112210LAL.html
462,/boxscores/202112220ATL.html
463,/boxscores/202112220BOS.html
464,/boxscores/202112220MIL.html
465,/boxscores/202112220OKC.html
466,/boxscores/202112220SAC.html
467,/boxscores/202112230IND.html
468,/boxscores/202112230ORL.html
469,/boxscores/202112230PHI.html
470,/boxscores/202112230MIA.html
471,/boxscores/202112230NYK.html
472,/boxscores/202112230DAL.html
473,/boxscores/202112230DEN.html
474,/boxscores/202112230PHO.html
475,/boxscores/202112230UTA.html
476,/boxscores/202112230GSW.html
477,/boxscores/202112230LAL.html
478,/boxscores/202112250NYK.html
479,/boxscores/202112250MIL.html
480,/boxscores/202112250PHO.html
481,/boxscores/202112250LAL.html
482,/boxscores/202112250UTA.html
483,/boxscores/202112260MIA.html
484,/boxscores/202112260CLE.html
485,/boxscores/202112260SAC.html
486,/boxscores/202112260WAS.html
487,/boxscores/202112260OKC.html
488,/boxscores/202112260SAS.html
489,/boxscores/202112260CHI.html
490,/boxscores/202112260LAC.html
491,/boxscores/202112270CHO.html
492,/boxscores/202112270ATL.html
493,/boxscores/202112270MIN.html
494,/boxscores/202112270SAS.html
495,/boxscores/202112270PHO.html
496,/boxscores/202112270POR.html
497,/boxscores/202112270LAC.html
498,/boxscores/202112280ORL.html
499,/boxscores/202112280MIA.html
500,/boxscores/202112280TOR.html
501,/boxscores/202112280HOU.html
502,/boxscores/202112280MIN.html
503,/boxscores/202112280NOP.html
504,/boxscores/202112280GSW.html
505,/boxscores/202112280SAC.html
506,/boxscores/202112290DET.html
507,/boxscores/202112290IND.html
508,/boxscores/202112290BOS.html
509,/boxscores/202112290CHI.html
510,/boxscores/202112290MEM.html
511,/boxscores/202112290PHO.html
512,/boxscores/202112290POR.html
513,/boxscores/202112290SAC.html
514,/boxscores/202112300BRK.html
515,/boxscores/202112300ORL.html
516,/boxscores/202112300WAS.html
517,/boxscores/202112310BOS.html
518,/boxscores/202112310IND.html
519,/boxscores/202112310SAC.html
520,/boxscores/202112310HOU.html
521,/boxscores/202112310CLE.html
522,/boxscores/202112310TOR.html
523,/boxscores/202112310MEM.html
524,/boxscores/202112310OKC.html
525,/boxscores/202112310UTA.html
526,/boxscores/202112310LAL.html
527,/boxscores/202201010MIL.html
528,/boxscores/202201010DET.html
529,/boxscores/202201010WAS.html
530,/boxscores/202201010BRK.html
531,/boxscores/202201010HOU.html
532,/boxscores/202201010UTA.html
533,/boxscores/202201020TOR.html
534,/boxscores/202201020BOS.html
535,/boxscores/202201020CLE.html
536,/boxscores/202201020SAC.html
537,/boxscores/202201020CHO.html
538,/boxscores/202201020OKC.html
539,/boxscores/202201020LAL.html
540,/boxscores/202201030PHI.html
541,/boxscores/202201030WAS.html
542,/boxscores/202201030BRK.html
543,/boxscores/202201030CHI.html
544,/boxscores/202201030MIL.html
545,/boxscores/202201030NOP.html
546,/boxscores/202201030DAL.html
547,/boxscores/202201030GSW.html
548,/boxscores/202201030POR.html
549,/boxscores/202201030LAC.html
550,/boxscores/202201040CLE.html
551,/boxscores/202201040TOR.html
552,/boxscores/202201040NYK.html
553,/boxscores/202201040NOP.html
554,/boxscores/202201040LAL.html
555,/boxscores/202201050CHO.html
556,/boxscores/202201050ORL.html
557,/boxscores/202201050WAS.html
558,/boxscores/202201050BOS.html
559,/boxscores/202201050DAL.html
560,/boxscores/202201050IND.html
561,/boxscores/202201050MIL.html
562,/boxscores/202201050MIN.html
563,/boxscores/202201050DEN.html
564,/boxscores/202201050POR.html
565,/boxscores/202201050SAC.html
566,/boxscores/202201060NYK.html
567,/boxscores/202201060MEM.html
568,/boxscores/202201060NOP.html
569,/boxscores/202201060PHO.html
570,/boxscores/202201070PHI.html
571,/boxscores/202201070BRK.html
572,/boxscores/202201070TOR.html
573,/boxscores/202201070CHI.html
574,/boxscores/202201070HOU.html
575,/boxscores/202201070OKC.html
576,/boxscores/202201070DEN.html
577,/boxscores/202201070LAL.html
578,/boxscores/202201070POR.html
579,/boxscores/202201080LAC.html
580,/boxscores/202201080CHO.html
581,/boxscores/202201080DET.html
582,/boxscores/202201080IND.html
583,/boxscores/202201080BOS.html
584,/boxscores/202201080PHO.html
585,/boxscores/202201090BRK.html
586,/boxscores/202201090LAC.html
587,/boxscores/202201090ORL.html
588,/boxscores/202201090TOR.html
589,/boxscores/202201090HOU.html
590,/boxscores/202201090OKC.html
591,/boxscores/202201090DAL.html
592,/boxscores/202201090GSW.html
593,/boxscores/202201090POR.html
594,/boxscores/202201090LAL.html
595,/boxscores/202201100CHO.html
596,/boxscores/202201100DET.html
597,/boxscores/202201100BOS.html
598,/boxscores/202201100NYK.html
599,/boxscores/202201100HOU.html
600,/boxscores/202201100POR.html
601,/boxscores/202201100SAC.html
602,/boxscores/202201110WAS.html
603,/boxscores/202201110TOR.html
604,/boxscores/202201110CHI.html
605,/boxscores/202201110MEM.html
606,/boxscores/202201110NOP.html
607,/boxscores/202201110LAC.html
608,/boxscores/202201120IND.html
609,/boxscores/202201120PHI.html
610,/boxscores/202201120WAS.html
611,/boxscores/202201120ATL.html
612,/boxscores/202201120NYK.html
613,/boxscores/202201120SAS.html
614,/boxscores/202201120UTA.html
615,/boxscores/202201120CHI.html
616,/boxscores/202201120SAC.html
617,/boxscores/202201130MIL.html
618,/boxscores/202201130MEM.html
619,/boxscores/202201130NOP.html
620,/boxscores/202201130BRK.html
621,/boxscores/202201130DEN.html
622,/boxscores/202201140CHO.html
623,/boxscores/202201140DET.html
624,/boxscores/202201140IND.html
625,/boxscores/202201140PHI.html
626,/boxscores/202201140CHI.html
627,/boxscores/202201140MIA.html
628,/boxscores/202201140SAS.html
629,/boxscores/202201140MEM.html
630,/boxscores/202201140SAC.html
631,/boxscores/202201150MIL.html
632,/boxscores/202201150WAS.html
633,/boxscores/202201150ATL.html
634,/boxscores/202201150BRK.html
635,/boxscores/202201150MIA.html
636,/boxscores/202201150OKC.html
637,/boxscores/202201150BOS.html
638,/boxscores/202201150SAS.html
639,/boxscores/202201150DEN.html
640,/boxscores/202201150DAL.html
641,/boxscores/202201160DET.html
642,/boxscores/202201160SAC.html
643,/boxscores/202201160DEN.html
644,/boxscores/202201160MIN.html
645,/boxscores/202201170BOS.html
646,/boxscores/202201170NYK.html
647,/boxscores/202201170WAS.html
648,/boxscores/202201170CLE.html
649,/boxscores/202201170LAC.html
650,/boxscores/202201170MEM.html
651,/boxscores/202201170ATL.html
652,/boxscores/202201170ORL.html
653,/boxscores/202201170MIA.html
654,/boxscores/202201170DAL.html
655,/boxscores/202201170SAS.html
656,/boxscores/202201170LAL.html
657,/boxscores/202201180NYK.html
658,/boxscores/202201180GSW.html
659,/boxscores/202201190PHI.html
660,/boxscores/202201190WAS.html
661,/boxscores/202201190ATL.html
662,/boxscores/202201190BOS.html
663,/boxscores/202201190MIA.html
664,/boxscores/202201190CHI.html
665,/boxscores/202201190MIL.html
666,/boxscores/202201190DAL.html
667,/boxscores/202201190SAS.html
668,/boxscores/202201190UTA.html
669,/boxscores/202201190DEN.html
670,/boxscores/202201190SAC.html
671,/boxscores/202201190LAL.html
672,/boxscores/202201200DAL.html
673,/boxscores/202201200NYK.html
674,/boxscores/202201200GSW.html
675,/boxscores/202201210CHO.html
676,/boxscores/202201210ORL.html
677,/boxscores/202201210PHI.html
678,/boxscores/202201210ATL.html
679,/boxscores/202201210BOS.html
680,/boxscores/202201210MIL.html
681,/boxscores/202201210WAS.html
682,/boxscores/202201210SAS.html
683,/boxscores/202201210DEN.html
684,/boxscores/202201210UTA.html
685,/boxscores/202201210GSW.html
686,/boxscores/202201220MIL.html
687,/boxscores/202201220CLE.html
688,/boxscores/202201220PHO.html
689,/boxscores/202201230NYK.html
690,/boxscores/202201230WAS.html
691,/boxscores/202201230MIA.html
692,/boxscores/202201230ORL.html
693,/boxscores/202201230TOR.html
694,/boxscores/202201230CHO.html
695,/boxscores/202201230SAS.html
696,/boxscores/202201230DAL.html
697,/boxscores/202201230DEN.html
698,/boxscores/202201230MIN.html
699,/boxscores/202201230GSW.html
700,/boxscores/202201240CLE.html
701,/boxscores/202201240NOP.html
702,/boxscores/202201240OKC.html
703,/boxscores/202201240PHO.html
704,/boxscores/202201250DET.html
705,/boxscores/202201250PHI.html
706,/boxscores/202201250TOR.html
707,/boxscores/202201250WAS.html
708,/boxscores/202201250BOS.html
709,/boxscores/202201250BRK.html
710,/boxscores/202201250HOU.html
711,/boxscores/202201250GSW.html
712,/boxscores/202201250POR.html
713,/boxscores/202201260CLE.html
714,/boxscores/202201260IND.html
715,/boxscores/202201260ORL.html
716,/boxscores/202201260ATL.html
717,/boxscores/202201260MIA.html
718,/boxscores/202201260BRK.html
719,/boxscores/202201260CHI.html
720,/boxscores/202201260SAS.html
721,/boxscores/202201260POR.html
722,/boxscores/202201260UTA.html
723,/boxscores/202201270PHI.html
724,/boxscores/202201270GSW.html
725,/boxscores/202201280ORL.html
726,/boxscores/202201280ATL.html
727,/boxscores/202201280CHO.html
728,/boxscores/202201280HOU.html
729,/boxscores/202201280MEM.html
730,/boxscores/202201280MIA.html
731,/boxscores/202201280NOP.html
732,/boxscores/202201280OKC.html
733,/boxscores/202201280SAS.html
734,/boxscores/202201280PHO.html
735,/boxscores/202201280MIL.html
736,/boxscores/202201290DAL.html
737,/boxscores/202201290NOP.html
738,/boxscores/202201290PHI.html
739,/boxscores/202201290MEM.html
740,/boxscores/202201290MIA.html
741,/boxscores/202201290GSW.html
742,/boxscores/202201300ATL.html
743,/boxscores/202201300CHO.html
744,/boxscores/202201300CHI.html
745,/boxscores/202201300DET.html
746,/boxscores/202201300MIL.html
747,/boxscores/202201300ORL.html
748,/boxscores/202201300MIN.html
749,/boxscores/202201300PHO.html
750,/boxscores/202201310CLE.html
751,/boxscores/202201310IND.html
752,/boxscores/202201310PHI.html
753,/boxscores/202201310ATL.html
754,/boxscores/202201310BOS.html
755,/boxscores/202201310NYK.html
756,/boxscores/202201310HOU.html
757,/boxscores/202201310OKC.html
758,/boxscores/202202010DET.html
759,/boxscores/202202010MIL.html
760,/boxscores/202202010TOR.html
761,/boxscores/202202010CHI.html
762,/boxscores/202202010MIN.html
763,/boxscores/202202010SAS.html
764,/boxscores/202202010PHO.html
765,/boxscores/202202020IND.html
766,/boxscores/202202020PHI.html
767,/boxscores/202202020BOS.html
768,/boxscores/202202020NYK.html
769,/boxscores/202202020HOU.html
770,/boxscores/202202020DAL.html
771,/boxscores/202202020SAC.html
772,/boxscores/202202020UTA.html
773,/boxscores/202202020LAL.html
774,/boxscores/202202030DET.html
775,/boxscores/202202030SAS.html
776,/boxscores/202202030ATL.html
777,/boxscores/202202030TOR.html
778,/boxscores/202202030GSW.html
779,/boxscores/202202030LAC.html
780,/boxscores/202202040CHO.html
781,/boxscores/202202040DET.html
782,/boxscores/202202040IND.html
783,/boxscores/202202040TOR.html
784,/boxscores/202202040SAS.html
785,/boxscores/202202040DEN.html
786,/boxscores/202202040UTA.html
787,/boxscores/202202040DAL.html
788,/boxscores/202202040POR.html
789,/boxscores/202202050ORL.html
790,/boxscores/202202050CHO.html
791,/boxscores/202202050WAS.html
792,/boxscores/202202050LAL.html
793,/boxscores/202202050POR.html
794,/boxscores/202202050SAC.html
795,/boxscores/202202060CHI.html
796,/boxscores/202202060DEN.html
797,/boxscores/202202060MIN.html
798,/boxscores/202202060CLE.html
799,/boxscores/202202060DAL.html
800,/boxscores/202202060ORL.html
801,/boxscores/202202060HOU.html
802,/boxscores/202202060LAC.html
803,/boxscores/202202070CHO.html
804,/boxscores/202202070WAS.html
805,/boxscores/202202070CHI.html
806,/boxscores/202202070OKC.html
807,/boxscores/202202070UTA.html
808,/boxscores/202202080PHI.html
809,/boxscores/202202080ATL.html
810,/boxscores/202202080BRK.html
811,/boxscores/202202080MEM.html
812,/boxscores/202202080NOP.html
813,/boxscores/202202080DAL.html
814,/boxscores/202202080DEN.html
815,/boxscores/202202080LAL.html
816,/boxscores/202202080POR.html
817,/boxscores/202202080SAC.html
818,/boxscores/202202090CLE.html
819,/boxscores/202202090CHO.html
820,/boxscores/202202090OKC.html
821,/boxscores/202202090POR.html
822,/boxscores/202202090SAC.html
823,/boxscores/202202090UTA.html
824,/boxscores/202202100DET.html
825,/boxscores/202202100NOP.html
826,/boxscores/202202100WAS.html
827,/boxscores/202202100HOU.html
828,/boxscores/202202100DAL.html
829,/boxscores/202202100GSW.html
830,/boxscores/202202100PHO.html
831,/boxscores/202202110DET.html
832,/boxscores/202202110IND.html
833,/boxscores/202202110PHI.html
834,/boxscores/202202110ATL.html
835,/boxscores/202202110BOS.html
836,/boxscores/202202110CHI.html
837,/boxscores/202202110UTA.html
838,/boxscores/202202120POR.html
839,/boxscores/202202120CHO.html
840,/boxscores/202202120NOP.html
841,/boxscores/202202120WAS.html
842,/boxscores/202202120PHI.html
843,/boxscores/202202120TOR.html
844,/boxscores/202202120CHI.html
845,/boxscores/202202120MIA.html
846,/boxscores/202202120DAL.html
847,/boxscores/202202120GSW.html
848,/boxscores/202202120PHO.html
849,/boxscores/202202130BOS.html
850,/boxscores/202202130IND.html
851,/boxscores/202202140WAS.html
852,/boxscores/202202140BRK.html
853,/boxscores/202202140NYK.html
854,/boxscores/202202140CHI.html
855,/boxscores/202202140MIL.html
856,/boxscores/202202140NOP.html
857,/boxscores/202202140DEN.html
858,/boxscores/202202140UTA.html
859,/boxscores/202202140LAC.html
860,/boxscores/202202150ATL.html
861,/boxscores/202202150MIA.html
862,/boxscores/202202150PHI.html
863,/boxscores/202202150MIL.html
864,/boxscores/202202150MIN.html
865,/boxscores/202202150NOP.html
866,/boxscores/202202150PHO.html
867,/boxscores/202202160ORL.html
868,/boxscores/202202160BOS.html
869,/boxscores/202202160IND.html
870,/boxscores/202202160NYK.html
871,/boxscores/202202160CHI.html
872,/boxscores/202202160MEM.html
873,/boxscores/202202160MIN.html
874,/boxscores/202202160OKC.html
875,/boxscores/202202160PHO.html
876,/boxscores/202202160GSW.html
877,/boxscores/202202160LAL.html
878,/boxscores/202202170CHO.html
879,/boxscores/202202170BRK.html
880,/boxscores/202202170NOP.html
881,/boxscores/202202170MIL.html
882,/boxscores/202202170LAC.html
883,/boxscores/202202240DET.html
884,/boxscores/202202240BRK.html
885,/boxscores/202202240CHI.html
886,/boxscores/202202240MIN.html
887,/boxscores/202202240OKC.html
888,/boxscores/202202240POR.html
889,/boxscores/202202240SAC.html
890,/boxscores/202202250CHO.html
891,/boxscores/202202250IND.html
892,/boxscores/202202250ORL.html
893,/boxscores/202202250WAS.html
894,/boxscores/202202250NYK.html
895,/boxscores/202202250MIN.html
896,/boxscores/202202250PHO.html
897,/boxscores/202202250UTA.html
898,/boxscores/202202250LAL.html
899,/boxscores/202202260DET.html
900,/boxscores/202202260ATL.html
901,/boxscores/202202260CHI.html
902,/boxscores/202202260CLE.html
903,/boxscores/202202260MIA.html
904,/boxscores/202202260MIL.html
905,/boxscores/202202260DEN.html
906,/boxscores/202202270NYK.html
907,/boxscores/202202270PHO.html
908,/boxscores/202202270IND.html
909,/boxscores/202202270CHO.html
910,/boxscores/202202270HOU.html
911,/boxscores/202202270GSW.html
912,/boxscores/202202270POR.html
913,/boxscores/202202270LAL.html
914,/boxscores/202202280CLE.html
915,/boxscores/202202280ORL.html
916,/boxscores/202202280BRK.html
917,/boxscores/202202280MIA.html
918,/boxscores/202202280MEM.html
919,/boxscores/202202280MIL.html
920,/boxscores/202202280OKC.html
921,/boxscores/202203010WAS.html
922,/boxscores/202203010BOS.html
923,/boxscores/202203010TOR.html
924,/boxscores/202203010HOU.html
925,/boxscores/202203010MIN.html
926,/boxscores/202203010LAL.html
927,/boxscores/202203020CLE.html
928,/boxscores/202203020ORL.html
929,/boxscores/202203020PHI.html
930,/boxscores/202203020HOU.html
931,/boxscores/202203020MIL.html
932,/boxscores/202203020NOP.html
933,/boxscores/202203020DEN.html
934,/boxscores/202203020PHO.html
935,/boxscores/202203030ATL.html
936,/boxscores/202203030BOS.html
937,/boxscores/202203030BRK.html
938,/boxscores/202203030TOR.html
939,/boxscores/202203030DAL.html
940,/boxscores/202203030SAS.html
941,/boxscores/202203030LAC.html
942,/boxscores/202203040DET.html
943,/boxscores/202203040PHI.html
944,/boxscores/202203040WAS.html
945,/boxscores/202203040CHI.html
946,/boxscores/202203040TOR.html
947,/boxscores/202203040NOP.html
948,/boxscores/202203040OKC.html
949,/boxscores/202203040DEN.html
950,/boxscores/202203040PHO.html
951,/boxscores/202203050DAL.html
952,/boxscores/202203050CHO.html
953,/boxscores/202203050MEM.html
954,/boxscores/202203050MIA.html
955,/boxscores/202203050MIN.html
956,/boxscores/202203050LAL.html
957,/boxscores/202203060BOS.html
958,/boxscores/202203060MIL.html
959,/boxscores/202203060WAS.html
960,/boxscores/202203060HOU.html
961,/boxscores/202203060OKC.html
962,/boxscores/202203060CLE.html
963,/boxscores/202203060DEN.html
964,/boxscores/202203060LAC.html
965,/boxscores/202203070DET.html
966,/boxscores/202203070PHI.html
967,/boxscores/202203070MIA.html
968,/boxscores/202203070MIN.html
969,/boxscores/202203070DAL.html
970,/boxscores/202203070SAS.html
971,/boxscores/202203070DEN.html
972,/boxscores/202203070SAC.html
973,/boxscores/202203080CHO.html
974,/boxscores/202203080IND.html
975,/boxscores/202203080ORL.html
976,/boxscores/202203080MEM.html
977,/boxscores/202203080OKC.html
978,/boxscores/202203080GSW.html
979,/boxscores/202203090CHO.html
980,/boxscores/202203090DET.html
981,/boxscores/202203090MIA.html
982,/boxscores/202203090HOU.html
983,/boxscores/202203090MIL.html
984,/boxscores/202203090MIN.html
985,/boxscores/202203090NOP.html
986,/boxscores/202203090DAL.html
987,/boxscores/202203090SAS.html
988,/boxscores/202203090SAC.html
989,/boxscores/202203090UTA.html
990,/boxscores/202203090LAC.html
991,/boxscores/202203100PHI.html
992,/boxscores/202203100DEN.html
993,/boxscores/202203110ORL.html
994,/boxscores/202203110ATL.html
995,/boxscores/202203110BOS.html
996,/boxscores/202203110HOU.html
997,/boxscores/202203110MEM.html
998,/boxscores/202203110MIA.html
999,/boxscores/202203110NOP.html
1000,/boxscores/202203110SAS.html
1001,/boxscores/202203110PHO.html
1002,/boxscores/202203110LAL.html
1003,/boxscores/202203120CHI.html
1004,/boxscores/202203120MIA.html
1005,/boxscores/202203120SAS.html
1006,/boxscores/202203120GSW.html
1007,/boxscores/202203120DEN.html
1008,/boxscores/202203120UTA.html
1009,/boxscores/202203120POR.html
1010,/boxscores/202203130BRK.html
1011,/boxscores/202203130DET.html
1012,/boxscores/202203130BOS.html
1013,/boxscores/202203130ORL.html
1014,/boxscores/202203130ATL.html
1015,/boxscores/202203130NOP.html
1016,/boxscores/202203130OKC.html
1017,/boxscores/202203130PHO.html
1018,/boxscores/202203140CLE.html
1019,/boxscores/202203140ATL.html
1020,/boxscores/202203140PHI.html
1021,/boxscores/202203140OKC.html
1022,/boxscores/202203140SAS.html
1023,/boxscores/202203140GSW.html
1024,/boxscores/202203140SAC.html
1025,/boxscores/202203140UTA.html
1026,/boxscores/202203140LAL.html
1027,/boxscores/202203150IND.html
1028,/boxscores/202203150ORL.html
1029,/boxscores/202203150MIA.html
1030,/boxscores/202203150NOP.html
1031,/boxscores/202203160CHO.html
1032,/boxscores/202203160CLE.html
1033,/boxscores/202203160WAS.html
1034,/boxscores/202203160BRK.html
1035,/boxscores/202203160NYK.html
1036,/boxscores/202203160HOU.html
1037,/boxscores/202203160MIN.html
1038,/boxscores/202203160SAS.html
1039,/boxscores/202203160UTA.html
1040,/boxscores/202203160GSW.html
1041,/boxscores/202203160SAC.html
1042,/boxscores/202203160LAC.html
1043,/boxscores/202203170ORL.html
1044,/boxscores/202203180PHI.html
1045,/boxscores/202203180ATL.html
1046,/boxscores/202203180BRK.html
1047,/boxscores/202203180CLE.html
1048,/boxscores/202203180NYK.html
1049,/boxscores/202203180TOR.html
1050,/boxscores/202203180HOU.html
1051,/boxscores/202203180MIA.html
1052,/boxscores/202203180SAS.html
1053,/boxscores/202203180UTA.html
1054,/boxscores/202203180PHO.html
1055,/boxscores/202203180SAC.html
1056,/boxscores/202203190MIN.html
1057,/boxscores/202203190CHO.html
1058,/boxscores/202203190CLE.html
1059,/boxscores/202203190WAS.html
1060,/boxscores/202203200HOU.html
1061,/boxscores/202203200IND.html
1062,/boxscores/202203200ATL.html
1063,/boxscores/202203200ORL.html
1064,/boxscores/202203200SAC.html
1065,/boxscores/202203200NYK.html
1066,/boxscores/202203200DEN.html
1067,/boxscores/202203200GSW.html
1068,/boxscores/202203200PHI.html
1069,/boxscores/202203210CHO.html
1070,/boxscores/202203210CLE.html
1071,/boxscores/202203210DET.html
1072,/boxscores/202203210BRK.html
1073,/boxscores/202203210PHI.html
1074,/boxscores/202203210CHI.html
1075,/boxscores/202203210HOU.html
1076,/boxscores/202203210OKC.html
1077,/boxscores/202203210DAL.html
1078,/boxscores/202203220ORL.html
1079,/boxscores/202203220NYK.html
1080,/boxscores/202203220MIL.html
1081,/boxscores/202203220DEN.html
1082,/boxscores/202203230CHO.html
1083,/boxscores/202203230DET.html
1084,/boxscores/202203230IND.html
1085,/boxscores/202203230BOS.html
1086,/boxscores/202203230MEM.html
1087,/boxscores/202203230MIA.html
1088,/boxscores/202203230MIN.html
1089,/boxscores/202203230OKC.html
1090,/boxscores/202203230DAL.html
1091,/boxscores/202203230LAL.html
1092,/boxscores/202203230POR.html
1093,/boxscores/202203240TOR.html
1094,/boxscores/202203240MEM.html
1095,/boxscores/202203240MIL.html
1096,/boxscores/202203240NOP.html
1097,/boxscores/202203240DEN.html
1098,/boxscores/202203250CHO.html
1099,/boxscores/202203250DET.html
1100,/boxscores/202203250ATL.html
1101,/boxscores/202203250MIA.html
1102,/boxscores/202203250MIN.html
1103,/boxscores/202203250POR.html
1104,/boxscores/202203250LAC.html
1105,/boxscores/202203260NOP.html
1106,/boxscores/202203260ORL.html
1107,/boxscores/202203260TOR.html
1108,/boxscores/202203260CLE.html
1109,/boxscores/202203260MEM.html
1110,/boxscores/202203260MIA.html
1111,/boxscores/202203260DEN.html
1112,/boxscores/202203260POR.html
1113,/boxscores/202203270DET.html
1114,/boxscores/202203270BOS.html
1115,/boxscores/202203270PHO.html
1116,/boxscores/202203270WAS.html
1117,/boxscores/202203270NOP.html
1118,/boxscores/202203270BRK.html
1119,/boxscores/202203270DAL.html
1120,/boxscores/202203280CHO.html
1121,/boxscores/202203280CLE.html
1122,/boxscores/202203280IND.html
1123,/boxscores/202203280MIA.html
1124,/boxscores/202203280NYK.html
1125,/boxscores/202203280TOR.html
1126,/boxscores/202203280HOU.html
1127,/boxscores/202203280MEM.html
1128,/boxscores/202203280POR.html
1129,/boxscores/202203290PHI.html
1130,/boxscores/202203290WAS.html
1131,/boxscores/202203290BRK.html
1132,/boxscores/202203290DAL.html
1133,/boxscores/202203290LAC.html
1134,/boxscores/202203300CLE.html
1135,/boxscores/202203300IND.html
1136,/boxscores/202203300WAS.html
1137,/boxscores/202203300BOS.html
1138,/boxscores/202203300NYK.html
1139,/boxscores/202203300TOR.html
1140,/boxscores/202203300HOU.html
1141,/boxscores/202203300OKC.html
1142,/boxscores/202203300SAS.html
1143,/boxscores/202203300GSW.html
1144,/boxscores/202203300POR.html
1145,/boxscores/202203310DET.html
1146,/boxscores/202203310ATL.html
1147,/boxscores/202203310BRK.html
1148,/boxscores/202203310CHI.html
1149,/boxscores/202203310UTA.html
1150,/boxscores/202204010ORL.html
1151,/boxscores/202204010WAS.html
1152,/boxscores/202204010BOS.html
1153,/boxscores/202204010HOU.html
1154,/boxscores/202204010MEM.html
1155,/boxscores/202204010MIL.html
1156,/boxscores/202204010OKC.html
1157,/boxscores/202204010SAS.html
1158,/boxscores/202204010DEN.html
1159,/boxscores/202204010LAL.html
1160,/boxscores/202204020PHI.html
1161,/boxscores/202204020NYK.html
1162,/boxscores/202204020ATL.html
1163,/boxscores/202204020CHI.html
1164,/boxscores/202204020GSW.html
1165,/boxscores/202204030BOS.html
1166,/boxscores/202204030MIL.html
1167,/boxscores/202204030LAL.html
1168,/boxscores/202204030IND.html
1169,/boxscores/202204030CLE.html
1170,/boxscores/202204030ORL.html
1171,/boxscores/202204030HOU.html
1172,/boxscores/202204030OKC.html
1173,/boxscores/202204030SAS.html
1174,/boxscores/202204030TOR.html
1175,/boxscores/202204030SAC.html
1176,/boxscores/202204030LAC.html
1177,/boxscores/202204050IND.html
1178,/boxscores/202204050ORL.html
1179,/boxscores/202204050BRK.html
1180,/boxscores/202204050MIA.html
1181,/boxscores/202204050TOR.html
1182,/boxscores/202204050CHI.html
1183,/boxscores/202204050MIN.html
1184,/boxscores/202204050OKC.html
1185,/boxscores/202204050DEN.html
1186,/boxscores/202204050UTA.html
1187,/boxscores/202204050SAC.html
1188,/boxscores/202204050PHO.html
1189,/boxscores/202204060DET.html
1190,/boxscores/202204060NYK.html
1191,/boxscores/202204060ATL.html
1192,/boxscores/202204060CHI.html
1193,/boxscores/202204060UTA.html
1194,/boxscores/202204060LAC.html
1195,/boxscores/202204070CHO.html
1196,/boxscores/202204070MIL.html
1197,/boxscores/202204070TOR.html
1198,/boxscores/202204070MIN.html
1199,/boxscores/202204070NOP.html
1200,/boxscores/202204070DEN.html
1201,/boxscores/202204070GSW.html
1202,/boxscores/202204080DET.html
1203,/boxscores/202204080WAS.html
1204,/boxscores/202204080BRK.html
1205,/boxscores/202204080TOR.html
1206,/boxscores/202204080CHI.html
1207,/boxscores/202204080MIA.html
1208,/boxscores/202204080DAL.html
1209,/boxscores/202204080UTA.html
1210,/boxscores/202204080LAL.html
1211,/boxscores/202204090PHI.html
1212,/boxscores/202204090MEM.html
1213,/boxscores/202204090SAS.html
1214,/boxscores/202204090LAC.html
1215,/boxscores/202204100BRK.html
1216,/boxscores/202204100CHO.html
1217,/boxscores/202204100CLE.html
1218,/boxscores/202204100HOU.html
1219,/boxscores/202204100MEM.html
1220,/boxscores/202204100NYK.html
1221,/boxscores/202204100ORL.html
1222,/boxscores/202204100PHI.html
1223,/boxscores/202204100MIN.html
1224,/boxscores/202204100DAL.html
1225,/boxscores/202204100DEN.html
1226,/boxscores/202204100LAC.html
1227,/boxscores/202204100NOP.html
1228,/boxscores/202204100PHO.html
1229,/boxscores/202204100POR.html
1230,/boxscores/202204120BRK.html
1231,/boxscores/202204120MIN.html
1232,/boxscores/202204130ATL.html
1233,/boxscores/202204130NOP.html
1234,/boxscores/202204150CLE.html
1235,/boxscores/202204150LAC.html
1236,/boxscores/202204160DAL.html
1237,/boxscores/202204160MEM.html
1238,/boxscores/202204160PHI.html
1239,/boxscores/202204160GSW.html
1240,/boxscores/202204170MIA.html
1241,/boxscores/202204170BOS.html
1242,/boxscores/202204170MIL.html
1243,/boxscores/202204170PHO.html
1244,/boxscores/202204180PHI.html
1245,/boxscores/202204180DAL.html
1246,/boxscores/202204180GSW.html
1247,/boxscores/202204190MIA.html
1248,/boxscores/202204190MEM.html
1249,/boxscores/202204190PHO.html
1250,/boxscores/202204200BOS.html
1251,/boxscores/202204200TOR.html
1252,/boxscores/202204200MIL.html
1253,/boxscores/202204210MIN.html
1254,/boxscores/202204210UTA.html
1255,/boxscores/202204210DEN.html
1256,/boxscores/202204220ATL.html
1257,/boxscores/202204220CHI.html
1258,/boxscores/202204220NOP.html
1259,/boxscores/202204230TOR.html
1260,/boxscores/202204230UTA.html
1261,/boxscores/202204230BRK.html
1262,/boxscores/202204230MIN.html
1263,/boxscores/202204240CHI.html
1264,/boxscores/202204240DEN.html
1265,/boxscores/202204240ATL.html
1266,/boxscores/202204240NOP.html
1267,/boxscores/202204250BRK.html
1268,/boxscores/202204250PHI.html
1269,/boxscores/202204250DAL.html
1270,/boxscores/202204260MIA.html
1271,/boxscores/202204260MEM.html
1272,/boxscores/202204260PHO.html
1273,/boxscores/202204270MIL.html
1274,/boxscores/202204270GSW.html
1275,/boxscores/202204280TOR.html
1276,/boxscores/202204280NOP.html
1277,/boxscores/202204280UTA.html
1278,/boxscores/202204290MIN.html
1279,/boxscores/202205010BOS.html
1280,/boxscores/202205010MEM.html
1281,/boxscores/202205020MIA.html
1282,/boxscores/202205020PHO.html
1283,/boxscores/202205030BOS.html
1284,/boxscores/202205030MEM.html
1285,/boxscores/202205040MIA.html
1286,/boxscores/202205040PHO.html
1287,/boxscores/202205060PHI.html
1288,/boxscores/202205060DAL.html
1289,/boxscores/202205070MIL.html
1290,/boxscores/202205070GSW.html
1291,/boxscores/202205080DAL.html
1292,/boxscores/202205080PHI.html
1293,/boxscores/202205090MIL.html
1294,/boxscores/202205090GSW.html
1295,/boxscores/202205100MIA.html
1296,/boxscores/202205100PHO.html
1297,/boxscores/202205110BOS.html
1298,/boxscores/202205110MEM.html
1299,/boxscores/202205120PHI.html
1300,/boxscores/202205120DAL.html
1301,/boxscores/202205130MIL.html
1302,/boxscores/202205130GSW.html
1303,/boxscores/202205150BOS.html
1304,/boxscores/202205150PHO.html
1305,/boxscores/202205170MIA.html
1306,/boxscores/202205180GSW.html
1307,/boxscores/202205190MIA.html
1308,/boxscores/202205200GSW.html
1309,/boxscores/202205210BOS.html
1310,/boxscores/202205220DAL.html
1311,/boxscores/202205230BOS.html
1312,/boxscores/202205240DAL.html
1313,/boxscores/202205250MIA.html
1314,/boxscores/202205260GSW.html
1315,/boxscores/202205270BOS.html
1316,/boxscores/202205290MIA.html
1317,/boxscores/202206020GSW.html
1318,/boxscores/202206050GSW.html
1319,/boxscores/202206080BOS.html
1320,/boxscores/202206100BOS.html
1321,/boxscores/202206130GSW.html
1322,/boxscores/202206160BOS.html
